EVENT_AFECT,VARIEDAD,MET_SIEMB,CANT_SEM,CABALLONEO,NIVELACION,ARADO,TIPO_RIEGO,FRAC_FERT,N_TOTAL,P2O5_TOTAL,K2O_TOTAL,CONTEO_HERB,CONTEO_INS_FUN,DENS_AP,CIC,pH,TEXTURA,PREC_ACUM,TEMP_MIN_PROM,TEMP_MAX_PROM,HUM_REL_PROM,RAD_SOL_ACUM,MANEJO_RESID,REND
Otro,Fedearroz_67,Trasplante_manual,248.0,No,No,Si,Inundacion,3,96.0,47.0,27.0,3,0,1.34,18.9,5.5,FAr,351.0943841934204,23.439304512793814,31.891824760786925,56.64044931394245,2081178786.0,Ninguno,5.17
Altas_temperaturas,Otro,Trasplante_manual,225.0,No,Si,No,Inundacion,4,163.04000000000002,37.95,79.61,4,0,1.35,18.5,5.5,FAr,396.3170409202576,23.231923244310416,31.13646213697345,60.77931349381157,2171287271.0,Incorporados,3.35
Altas_temperaturas,Otro,Voleo_manual,280.0,Si,Si,No,Inundacion,4,239.0,90.0,132.5,1,3,1.36,16.5,5.5,FAr,459.49491238594055,23.47747136387252,31.68844498100625,56.72909227423712,2000135243.0,Incorporados,7.4
Altas_temperaturas,Otro,Trasplante_manual,300.0,No,No,Si,Inundacion,4,41.5,18.0,26.5,2,1,1.33,15.5,5.3,FAr,362.0152478218079,23.40912056354557,31.84362675830566,57.0308802826236,1897335388.0,Quemados,7.0
Altas_temperaturas,Otro,Voleo_manual,150.0,Si,No,No,Inundacion,3,91.5,9.0,9.0,2,1,1.34,17.9,5.3,FAr,339.2270681858063,23.050039075768478,30.414415309740097,64.73133733998175,1679979860.0,Incorporados,6.2
Otro,Otro,Voleo_manual,300.0,No,No,No,Inundacion,4,130.0,72.0,80.5,3,0,1.3,14.2,5.4,FAr,611.8126749992371,23.24174124865023,31.22597060785055,59.12277621757693,2253500789.0,Incorporados,5.58
Otro,Otro,Trasplante_manual,248.0,No,No,No,Inundacion,2,187.0,72.0,72.0,1,1,1.32,12.3,5.4,FAr,215.0412631034851,24.40289109547929,34.04765535990392,42.93142529328664,1900534959.0,Quemados,4.13
Helada,Otro,Trasplante_manual,250.0,No,No,Si,Inundacion,4,149.0,27.0,60.5,2,1,1.35,15.1,5.2,FAr,339.7215270996094,23.05328057330584,30.7454063083814,63.07339469246242,1691765810.0,Incorporados,6.44
Altas_temperaturas,Fedearroz_67,Voleo_mecanizado,233.33333333333331,No,No,No,Inundacion,1,27.0,27.0,27.0,1,1,1.37,17.8,5.5,FAr,298.09350669384,23.83487465054377,32.47523456648279,49.47986314810959,1887157256.0,Incorporados,5.0
Altas_temperaturas,Otro,Trasplante_manual,,No,No,No,Inundacion,1,59.0,36.0,36.0,1,0,1.37,19.3,5.5,FAr,467.9579656124115,22.462655800267235,28.627929045024626,72.15827375713148,1655075567.0,Quemados,7.3
Ninguno,Otro,Trasplante_manual,248.0,No,Si,Si,Inundacion,3,82.26,81.09,81.09,2,3,1.39,21.9,5.5,FAr,311.4758162498474,24.703677965931018,34.031811775128816,45.746417094751735,1895400037.0,Incorporados,6.88
Otro,Fedearroz_67,Trasplante_manual,186.0,No,Si,No,Inundacion,4,128.0,36.0,96.0,3,1,1.39,19.6,5.5,FAr,489.3459169864655,23.76135065342348,31.700169112042627,55.70765841104151,2217649374.0,Incorporados,6.25
Altas_temperaturas,Fedearroz_Ibis,Voleo_mecanizado,150.0,No,Si,No,Inundacion,4,129.1,58.5,84.0,2,2,1.35,18.5,5.5,FAr,366.6267137527466,23.460211772303374,31.867296575730784,56.38219901054136,2354916250.0,Incorporados,5.36
Altas_temperaturas,Fedearroz_67,Voleo_manual,248.0,No,Si,No,Inundacion,4,154.0,31.5,61.25,5,1,1.31,17.3,5.4,FAr,436.32002663612366,22.552614407579394,28.890970746208584,73.09168977497005,2157171322.0,Quemados,7.71
Otro,Fedearroz_Ibis,Voleo_manual,150.0,No,No,No,Inundacion,4,129.0,81.0,115.0,3,1,1.31,13.4,5.2,FAr,478.4899797439575,23.068162868333864,30.58324983016299,61.92355765467105,1628626915.0,Quemados,4.38
Ninguno,Otro,Voleo_manual,279.0,No,No,No,Inundacion,4,121.5,36.0,114.0,2,1,1.36,15.4,5.3,FAr,378.4188539981842,23.894529990544346,32.76639806353851,50.58539729648166,2413462640.0,Ninguno,5.94
Altas_temperaturas,Otro,Trasplante_manual,186.0,No,Si,No,Inundacion,1,41.42,18.03,18.03,1,1,1.3,21.6,5.5,FAr,362.7534136772156,23.939207098735977,32.829339103388534,50.13926578924908,2358937224.0,Ninguno,6.67
Sequía,Otro,Voleo_manual,125.0,No,No,No,Corrido,3,0.0,0.0,0.0,2,1,1.33,18.2,5.3,FAr,770.1089582443237,22.573326627873147,29.02699363014909,68.90370080490743,2124494291.0,Ninguno,6.25
Altas_temperaturas,Fedearroz_Ibis,Siembra_en_surco,120.0,No,Si,No,Corrido,4,95.269,33.907000000000004,58.68,2,2,1.38,18.9,5.5,FAr,2170.011667933315,22.96504774585233,30.28214325265811,61.48979477243325,8918471240.0,Quemados,4.43
Ninguno,Otro,Voleo_manual,,No,No,No,Corrido,5,157.32,27.27,27.525,3,2,1.36,19.3,5.6,FAr,689.9034328460693,23.556781652589454,31.112322027951667,58.40408241827756,2696031779.0,Incorporados,5.67
Helada,Otro,Voleo_manual,,No,No,No,Corrido,4,121.2,61.2,61.2,2,3,1.37,16.3,5.5,FAr,518.1818740367889,23.269392026703887,31.2755857796504,58.76988253100165,2119015001.0,Incorporados,3.75
Ninguno,Fedearroz_67,Trasplante_manual,,No,No,No,Corrido,4,24.0,14.4,21.2,1,3,1.32,14.3,5.2,FAr,318.4496030807495,23.4876993635059,32.11135334926363,55.58528035931882,2174937242.0,Incorporados,7.5
Altas_temperaturas,Otro,Voleo_manual,200.0,No,No,No,Inundacion,3,16.8,7.2,14.0,0,0,1.34,15.3,5.3,FAr,415.6644718647003,23.454286193847604,31.596229460745096,57.20932810234301,2463289814.0,Incorporados,4.75
Sequía,Otro,Otro,250.0,No,No,No,Inundacion,1,38.3,15.3,16.8,1,1,1.31,22.0,5.4,FAr,564.2470498085022,23.872544818217484,32.716256799111875,49.44154818231167,3417013945.0,Quemados,7.08
Otro,Otro,Trasplante_manual,,No,No,No,Inundacion,4,148.0,24.0,43.5,2,4,1.35,16.6,5.4,FAr,407.9259333610535,23.709668641578443,32.29430926465607,53.43903005404735,2395900612.0,Quemados,4.38
Lluvias_inoportunas,Otro,Trasplante_manual,200.0,No,Si,No,Inundacion,7,183.4,32.23,47.27,3,0,1.32,14.6,5.4,FAr,327.5374183654785,23.54858584196668,31.90508057967471,55.602511364480726,1701418852.0,Quemados,7.0
Ninguno,Otro,Trasplante_manual,,No,No,No,Inundacion,4,90.5,9.0,17.5,2,1,1.38,13.7,5.4,FAr,327.5374183654785,23.54858584196668,31.90508057967471,55.602511364480726,1701418852.0,Quemados,6.88
Helada,Otro,Trasplante_manual,124.0,No,No,No,Inundacion,4,85.0,22.5,22.5,3,3,1.38,15.1,5.4,FAr,460.0404071807861,23.252455847247692,31.687118111404725,57.78597124885111,2915087376.0,Incorporados,6.88
Lluvias_inoportunas,Otro,Trasplante_manual,,No,Si,No,Inundacion,4,59.0,36.0,36.0,2,0,1.34,23.6,5.6,FAr,220.30446195602417,24.80417688248001,34.4631961903673,43.4278227217654,1861702818.0,Incorporados,5.63
Lluvias_inoportunas,Otro,Trasplante_manual,248.0,No,No,No,Inundacion,1,0.0,0.0,0.0,1,1,1.39,19.9,5.3,FAr,266.56515526771545,23.22215754191076,31.43488438924148,57.383359050750734,2264989081.0,Quemados,1.15
Lluvias_inoportunas,Otro,Trasplante_manual,248.0,No,No,No,Inundacion,4,146.12,82.8,127.0,3,3,1.38,17.7,5.4,FAr,293.2479000091553,23.24797578699445,31.354807416130477,57.357983577952666,1555258111.0,Ninguno,5.63
Ninguno,Fedearroz_67,Siembra_en_surco,180.0,Si,No,No,Corrido,5,181.0,136.8,136.8,1,1,1.39,18.9,5.6,FAr,551.2486605644226,22.431642212906457,29.47373587755647,65.96790902982882,2283192941.0,Quemados,9.88
Otro,Otro,Voleo_mecanizado,,Si,No,No,Corrido,7,45.0,45.0,75.0,0,2,1.37,17.3,5.3,FAr,760.6409270763397,22.273852103097045,29.09982452392572,67.1226848602295,2535019895.0,Quemados,4.0
Otro,Fedearroz_2020,Siembra_en_surco,200.0,Si,No,Si,Inundacion,5,220.5,45.0,45.0,2,0,1.36,26.2,5.5,FAr,471.5089406967163,22.30382714459272,29.27269320750793,69.30490304541401,2279389155.0,Quemados,5.0
Altas_temperaturas,Fedearroz_2020,Siembra_en_surco,200.0,Si,No,No,Inundacion,1,36.0,36.0,36.0,1,2,1.39,12.5,5.5,FAr,486.8985886573792,22.754599790219864,30.28905074508096,64.68319945865207,1960893714.0,Retirados,7.25
Otro,Fedearroz_67,Siembra_en_surco,200.0,Si,Si,No,Corrido,4,209.0,0.0,105.0,2,2,1.35,22.9,5.5,FAr,620.2460868358612,22.82896122153283,30.62257143905738,59.9977321250766,2872329978.0,Incorporados,7.5
Otro,Fedearroz_67,Voleo_mecanizado,120.0,Si,Si,No,Corrido,3,124.0,30.0,64.0,1,1,1.35,15.4,5.3,FAr,470.2063672542572,22.691463493578308,30.880358285614875,60.97876560326779,2508730316.0,Ninguno,2.29
Sequía,Fedearroz_2020,Voleo_mecanizado,200.0,Si,No,No,Corrido,4,159.0,54.0,79.5,1,1,1.37,19.3,5.5,FAr,751.6797242164612,22.27132159856356,28.83187087652245,69.58798905620425,2280175630.0,Incorporados,6.88
Otro,Fedearroz_Ibis,Siembra_en_surco,175.0,Si,No,No,Corrido,4,156.0,72.0,72.0,1,1,1.36,14.1,5.4,FAr,286.4620957374573,23.44745401049412,32.541894046843936,52.55523064022972,2456690598.0,Ninguno,6.56
Sequía,Otro,Siembra_en_surco,175.0,Si,No,No,Corrido,6,198.44,58.0,57.0,2,5,1.38,15.4,5.5,FAr,558.7944030761719,22.868065856383687,30.571094629785986,60.71971377810917,2018462028.0,Retirados,7.38
Helada,Fedearroz_67,Siembra_en_surco,150.0,Si,Si,No,Corrido,4,164.0,90.0,102.0,2,2,1.38,13.9,5.3,FAr,312.6469464302063,23.23040783940525,31.599791359414805,58.5036260254529,1873818485.0,Retirados,7.5
Otro,Otro,Siembra_en_surco,150.0,Si,No,No,Corrido,5,117.9,59.0,60.2,3,2,1.36,10.9,5.2,FAr,378.1038918495178,23.207938264545596,31.514903874982807,58.88999390183834,2182393459.0,Ninguno,3.5
Otro,Otro,Siembra_en_surco,150.0,No,No,No,Corrido,4,201.0,27.0,52.5,4,6,1.38,14.6,5.4,FAr,418.72083377838135,22.88816469254029,29.876437082598237,67.09230484501008,1656579583.0,Quemados,3.75
Ninguno,Fedearroz_67,Voleo_mecanizado,200.0,Si,Si,No,Corrido,5,248.4,178.8,178.8,3,3,1.36,16.0,5.5,FAr,504.49158549308777,23.177076435089063,31.138782358169497,58.078504502773285,2371882891.0,Quemados,5.64
Sequía,Fedearroz_2020,Voleo_mecanizado,185.0,Si,Si,No,Corrido,5,221.0,42.0,87.0,3,2,1.39,14.2,5.4,FAr,383.0505633354187,23.23659097314845,31.61974785037151,58.254394686319,2358948541.0,Retirados,5.0
Otro,Fedearroz_67,Siembra_en_surco,,Si,Si,No,Inundacion,4,141.73,41.68,65.3725,5,4,1.2,19.8,5.4,FAr,705.7852463722229,22.83175874303594,29.54829046530796,63.54410352863249,2232621776.0,Incorporados,8.13
Otro,Otro,Voleo_mecanizado,250.0,Si,Si,Si,Corrido,5,165.0,2.0,1.0,2,1,1.31,17.5,5.5,FAr,536.6202476024628,21.01094611672789,30.01911832024063,50.90134784754585,2536329270.0,Ninguno,6.25
Sequía,Fedearroz_Ibis,Siembra_en_surco,120.0,Si,Si,No,Corrido,5,142.25,0.0,85.625,3,2,1.26,18.3,5.5,FAr,394.7445621490479,21.99207216293088,30.81544659326941,53.87667023189484,2501219399.0,Ninguno,8.31
Altas_temperaturas,Fedearroz_67,Siembra_en_surco,150.0,Si,Si,No,Corrido,4,0.2579999999999999,0.0,0.0,5,2,1.23,21.5,5.3,FAr,654.5391926765442,23.86663603606043,32.1527979532877,58.86652628580729,2059352385.0,Retirados,7.75
Ninguno,Fedearroz_67,Voleo_mecanizado,175.0,Si,No,No,Corrido,4,210.25,0.0,90.0,3,0,1.23,19.1,5.5,FAr,769.7644424438477,17.186596977419935,23.908472424018623,75.3823949302115,1995643747.0,Ninguno,10.0
Otro,Fedearroz_67,Siembra_en_surco,200.0,Si,No,No,Corrido,7,45.5,22.5,52.5,3,0,1.05,22.1,5.3,FAr,526.7760407924652,18.38823009889513,26.02934041948455,60.45591986357276,2474936556.0,Incorporados,6.88
Altas_temperaturas,Otro,Siembra_en_surco,160.0,Si,No,No,Corrido,4,0.0,0.0,1.5,2,1,1.37,13.4,5.3,FAr,660.7050130367279,22.80669227789252,29.070093277860227,68.24788735129617,2122086384.0,Incorporados,7.5
Lluvias_inoportunas,Fedearroz_67,Siembra_en_surco,181.8181818181818,Si,No,No,Corrido,4,205.5,36.0,36.0,3,2,1.4,20.2,5.7,FAr,452.9638900756836,23.034771778137653,31.0409162319772,60.70840432391904,2274678660.0,Quemados,8.13
Altas_temperaturas,Fedearroz_67,Siembra_en_surco,100.0,Si,No,No,Corrido,4,160.42000000000002,36.0,36.0,1,2,1.39,17.4,5.5,FAr,366.5406396389008,23.09234804899791,31.79482864158738,53.39772014341493,2652289508.0,Incorporados,10.13
Helada,Fedearroz_2020,Siembra_en_surco,150.0,Si,Si,No,Corrido,3,64.5,54.0,54.0,2,1,1.22,17.5,5.5,FAr,515.2215781211853,23.250871884506317,31.928468525304144,54.97995801942538,2155623855.0,Ninguno,7.5
Lluvias_inoportunas,Fedearroz_67,Siembra_en_surco,200.0,Si,No,No,Corrido,5,195.2,45.0,126.0,0,2,1.26,18.0,5.5,FAr,576.2648286819458,22.718168673069304,30.80766245890002,59.714699011054826,2526771018.0,Ninguno,6.25
Otro,Otro,Siembra_en_surco,200.0,Si,No,No,Corrido,5,202.0,18.0,18.0,5,3,1.28,19.3,5.5,FAr,656.6866683959961,22.596045411938245,30.179364860144783,62.7826067235348,2401323222.0,Incorporados,6.43
Sequía,Fedearroz_67,Siembra_en_surco,200.0,Si,Si,No,Corrido,5,46.2,0.0,15.0,2,2,1.24,15.4,5.3,FAr,464.419650554657,23.504268094194565,33.04451978729986,48.25399671725141,2476961736.0,Incorporados,6.25
Lluvias_inoportunas,Fedearroz_67,Siembra_en_surco,175.0,Si,No,No,Corrido,4,185.0,13.5,13.5,2,1,1.26,16.5,5.4,FAr,612.0296359062195,21.979401744495696,29.386214932528357,64.57840583107688,1937663613.0,Incorporados,5.0
Lluvias_inoportunas,Otro,Siembra_en_surco,300.0,Si,Si,No,Corrido,5,244.75,0.0,105.0,2,2,1.28,12.4,5.2,FAr,605.8863639831543,22.919359064102125,30.95690236091608,54.87549561262131,2448153126.0,Quemados,5.83
Ninguno,Otro,Voleo_manual,120.0,No,No,Si,Inundacion,1,53.856,11.4048,11.4048,1,1,1.32,20.5,5.5,FAr,320.03321016579866,23.502074813842736,32.13579616546625,51.95088875293732,1765965802.0,Quemados,4.4
Ninguno,Fedearroz_67,Voleo_manual,250.0,No,No,Si,Inundacion,1,56.1,11.88,11.88,1,0,1.35,13.6,5.4,FAr,406.2382005527616,23.38493519658623,31.862214196246544,53.79838664842688,2121780109.0,Quemados,6.354166666666667
Ninguno,Otro,Voleo_manual,225.0,No,No,Si,Inundacion,1,81.18,14.85,14.85,1,0,1.29,14.4,5.4,FAr,411.5514148548245,23.36104959627472,31.783218855198747,54.335426113469815,2273810749.0,Incorporados,8.125
Ninguno,Otro,Trasplante_manual,225.0,No,No,Si,Inundacion,1,13.5,13.5,13.5,1,0,1.32,22.5,5.5,F,495.9837786182761,23.436697732248565,31.028538906958737,59.52959146807271,2240241160.0,Incorporados,7.1875
Ninguno,Otro,Trasplante_manual,125.0,No,No,Si,Inundacion,1,46.0,0.0,0.0,1,1,1.33,16.8,5.4,FAr,386.5702417675348,23.13057936991537,30.71019241711319,59.74069327362313,2216332860.0,Incorporados,7.375
Ninguno,Otro,Voleo_manual,160.0,No,No,Si,Inundacion,1,31.0,9.0,9.0,1,0,1.35,16.0,5.3,FAr,310.27700079232454,23.493836896444066,32.13067645829972,52.081877600286425,1785868784.0,Incorporados,6.979166666666667
Ninguno,Otro,Trasplante_manual,,No,Si,Si,Inundacion,1,55.0,22.5,22.5,1,0,1.35,14.8,5.3,FAr,375.5442354679108,23.82229901482073,33.391197533700925,45.49155811235016,1996522440.0,Incorporados,7.71875
Ninguno,Otro,Trasplante_manual,,No,Si,Si,Inundacion,1,18.72,8.64,8.64,1,1,1.37,14.0,5.3,FAr,503.0397067666054,23.57724200833223,32.434242543866496,50.30288862412976,2322830035.0,Incorporados,7.5
Ninguno,Fedearroz_67,Siembra_en_surco,180.0,Si,Si,Si,Inundacion,2,20.0,20.0,20.0,1,0,1.41,13.9,5.2,FAr,468.5980225428939,22.850040397369558,30.89842217534562,58.560486690603575,2567130012.0,Incorporados,7.583333333333333
Ninguno,Fedearroz_67,Voleo_mecanizado,180.0,No,Si,Si,Corrido,1,56.1,11.88,11.88,1,1,1.41,12.8,5.2,FAr,424.23694890737534,22.676042113265325,30.492396260083147,61.00192549170517,2276698690.0,Quemados,8.125
Ninguno,Fedearroz_67,Voleo_mecanizado,180.0,No,Si,Si,Corrido,1,73.125,33.75,33.75,1,0,1.4,15.8,5.5,FAr,578.9034853801131,22.768972480587784,30.899163446193803,58.77305503007842,3056190683.0,Otro,8.75
Ninguno,Fedearroz_67,Voleo_mecanizado,180.0,No,No,No,Corrido,1,175.5,81.0,81.0,1,0,1.42,14.9,5.3,FAr,496.4395075663924,22.999559681809743,31.17056937630715,56.56820657685047,2341095269.0,Incorporados,10.0
Ninguno,Fedearroz_67,Voleo_mecanizado,180.0,No,No,Si,Corrido,1,10.323529411764708,4.764705882352941,4.764705882352941,1,0,1.41,13.5,5.3,FAr,486.59480484575033,22.936911575882476,31.026004593460595,57.55695862946687,2488916680.0,Quemados,9.0625
Ninguno,Otro,Voleo_mecanizado,180.0,No,Si,Si,Corrido,1,18.0,18.0,18.0,2,0,1.4,16.9,5.3,FAr,461.4742909297347,22.930127477645826,31.017702436447085,57.64664679765701,2358003884.0,Quemados,9.0625
Ninguno,Otro,Otro,180.0,No,Si,No,Corrido,1,56.1,11.88,11.88,2,0,1.39,15.1,5.5,FAr,524.1965011842549,22.47670755386348,30.50969395637506,63.86704763770104,2383583785.0,Quemados,7.5
Ninguno,Fedearroz_67,Voleo_mecanizado,250.0,Si,No,No,Corrido,1,48.0,13.5,13.5,1,0,1.36,13.1,5.5,FAr,589.8365089818835,22.860443958809658,30.121760025644637,65.3249512028888,2225504469.0,Incorporados,7.8125
Ninguno,Otro,Otro,,Si,Si,No,Corrido,2,220.0,54.0,54.0,1,0,1.38,11.1,5.4,FAr,657.7278436503839,22.779186968736195,30.73545957753353,61.25452917394504,2608671771.0,Incorporados,6.25
Ninguno,Otro,Voleo_mecanizado,250.0,Si,Si,No,Otro,2,58.0,18.0,18.0,2,1,1.39,11.2,5.4,FAr,620.3913776874542,22.92357691967576,31.248817888394992,58.39976654653474,2386385868.0,Retirados,8.625
Ninguno,Fedearroz_67,Voleo_mecanizado,180.0,No,Si,Si,Corrido,1,71.28,43.56,43.56,1,0,1.39,11.2,5.4,FAr,648.9943270683289,22.836155264718137,31.10639561244416,59.60978412628174,2624502560.0,Retirados,6.5625
Ninguno,Fedearroz_67,Voleo_mecanizado,180.0,Si,Si,Si,Otro,1,52.14,11.88,11.88,1,1,1.38,15.5,5.5,FAr,517.0396365597844,23.083801173412844,30.667269392839508,61.835810743917634,2301903834.0,Otro,7.5
Ninguno,Fedearroz_67,Voleo_mecanizado,200.0,Si,Si,No,Corrido,1,130.35,29.7,29.7,1,0,1.37,11.7,5.4,FAr,612.5717900916934,23.28337989920995,31.256465444991782,58.2333604328668,2463665001.0,Otro,7.1875
Ninguno,Fedearroz_67,Voleo_mecanizado,180.0,Si,No,No,Corrido,1,50.142857142857146,23.142857142857142,23.142857142857142,1,0,1.32,21.4,5.5,FAr,442.18721055984497,23.076044218418915,31.143599791445915,57.93407805491302,2178124430.0,Otro,7.142857142857143
Sequía,Otro,Voleo_mecanizado,200.0,No,Si,No,Otro,1,130.5,40.5,40.5,1,0,1.37,27.7,5.5,FAr,353.27419402077794,23.453275183475327,31.6427812518495,53.11309213349313,2508449954.0,Otro,7.5
Ninguno,Fedearroz_2000,Siembra_en_surco,200.0,Si,Si,No,Corrido,3,143.25,45.0,79.0,1,0,1.25,13.7,5.3,FAr,593.1676884889603,20.92101440429683,27.75171489565386,61.75551037525568,2428721513.0,Otro,6.25
Ninguno,Fedearroz_68,Siembra_en_surco,200.0,Si,Si,Si,Corrido,1,46.0,0.0,60.0,1,0,1.21,14.6,5.4,Ar,519.9004915952682,19.92009650665576,26.90246267966849,64.47087830478705,1955199866.0,Retirados,7.375
Ninguno,Otro,Siembra_en_surco,200.0,Si,No,No,Corrido,1,80.5,0.0,105.0,1,0,1.34,15.1,5.4,FAr,442.92703435756266,22.13308973855115,30.08371080848254,61.99089375937857,2342280562.0,Otro,7.375
Ninguno,Otro,Siembra_en_surco,200.0,No,No,Si,Corrido,1,51.97500000000001,36.3,33.00000000000001,1,0,1.27,12.8,5.3,FAr,431.9045103248209,23.10621312459305,32.42782974243158,52.21028372446696,2425201699.0,Quemados,6.9375
Ninguno,Otro,Voleo_mecanizado,140.0,Si,Si,No,Corrido,1,64.0,18.0,18.0,1,0,1.27,19.4,5.4,FAr,431.9045103248209,23.10621312459305,32.42782974243158,52.21028372446696,2425201699.0,Retirados,6.625
Ninguno,Fedearroz_67,Siembra_en_surco,160.0,No,Si,No,Corrido,2,150.58,3.0,5.0,1,0,1.33,14.0,5.4,FAr,334.6355640999973,23.103977038196643,31.58469842340524,56.58256916164123,1873970868.0,Incorporados,7.9375
Otro,Fedearroz_2000,Voleo_mecanizado,150.0,No,Si,No,Corrido,1,64.0,18.0,18.0,1,0,1.34,17.2,5.4,FAr,545.3224868290126,23.100717062034292,32.19028352649007,53.52493225501863,3002993004.0,Quemados,3.25
Ninguno,Otro,Voleo_mecanizado,180.0,No,Si,No,Corrido,1,39.0,18.0,18.0,1,0,1.26,20.9,5.5,FAr,349.2570312023163,21.868482511005656,29.787720646933845,64.35842786516461,2385987567.0,Quemados,6.375
Otro,Fedearroz_2000,Voleo_mecanizado,200.0,No,No,No,Corrido,1,103.5,0.0,135.0,1,0,1.29,18.3,5.4,Ar,368.8162076100707,23.1103219015556,31.72840056837645,55.841745778134,2214147052.0,Quemados,5.0
Ninguno,Fedearroz_67,Voleo_mecanizado,160.0,No,Si,No,Corrido,1,53.125,28.75,37.5,1,1,1.27,13.7,5.3,FAr,448.6714465077967,23.00091247558589,32.27275060017897,53.28131618499756,2398059949.0,Retirados,6.25
Ninguno,Fedearroz_68,Otro,180.0,Si,No,Si,Corrido,1,203.94,0.0,0.0,1,1,1.32,15.2,5.4,FAr,370.5541982650757,22.99169685208064,32.31559859295275,53.21992987029407,1961216127.0,Retirados,7.4375
Ninguno,Otro,Voleo_mecanizado,200.0,No,Si,Si,Inundacion,1,25.6,7.2,7.2,1,0,1.34,17.8,5.4,FAr,436.2914352938533,23.98870523142255,32.71504086043478,51.05402939079344,2401858691.0,Retirados,6.0
Ninguno,Fedearroz_2000,Voleo_mecanizado,200.0,No,Si,Si,Inundacion,1,92.0,0.0,0.0,1,0,1.01,24.6,5.3,FAr,566.0945205688477,10.475165882677157,16.082052642520093,82.22601053974417,1623845840.0,Quemados,5.5
Ninguno,Otro,Voleo_manual,150.0,No,No,Si,Inundacion,1,33.75,33.75,33.75,2,0,1.34,17.1,5.3,FAr,555.1556678596826,23.11550233902464,30.455866069178423,61.03173156246062,2774441278.0,Incorporados,6.28125
Ninguno,Otro,Voleo_manual,180.0,No,Si,Si,Inundacion,1,114.4,19.8,19.8,1,0,1.01,26.4,5.3,FAr,583.5581904947758,14.692343648274717,20.50294011433915,79.54188505808513,2076819588.0,Quemados,7.083333333333333
Ninguno,Fedearroz_67,Voleo_mecanizado,180.0,No,No,Si,Inundacion,1,23.0,0.0,0.0,1,0,1.37,14.2,5.3,FAr,464.0130467414856,23.733053138607787,33.086723602795146,47.00922453208048,2365144552.0,Incorporados,7.5
Ninguno,Fedearroz_68,Trasplante_manual,190.0,Si,No,Si,Inundacion,1,92.0,0.0,0.0,1,0,1.4,14.3,5.5,FAr,517.1396294571459,22.91596996166084,29.97598786530666,66.80894929391367,1922044679.0,Retirados,9.166666666666666
Ninguno,Otro,Voleo_manual,190.0,Si,Si,Si,Inundacion,1,11.428571428571429,3.2142857142857144,3.2142857142857144,1,0,1.37,12.4,5.2,FAr,415.7163898944855,22.64817903958829,30.52518310546869,64.30726635272686,2495466504.0,Quemados,0.5714285714285714
Ninguno,Otro,Voleo_mecanizado,180.0,No,No,No,Inundacion,1,16.0,4.5,4.5,1,0,1.36,26.4,5.4,FAr,521.8376987576485,22.584700439453076,30.718667968749937,61.10388208007812,2312028296.0,Quemados,5.075
Sequía,Fedearroz_67,Voleo_manual,180.0,Si,No,Si,Inundacion,1,86.0,0.0,0.0,1,1,1.37,18.5,5.3,FAr,507.5750755229965,22.673740145055213,30.807721244998035,60.7830556854,2245752403.0,Quemados,4.375
Ninguno,Fedearroz_67,Voleo_mecanizado,180.0,Si,Si,Si,Corrido,1,25.0,0.0,37.5,1,0,1.37,15.0,5.4,FAr,472.2780305333436,22.34594997829856,30.436557798032347,62.89227820502387,2541884328.0,Quemados,4.5
Ninguno,Fedearroz_67,Voleo_mecanizado,170.0,Si,Si,Si,Corrido,1,13.67142857142857,4.242857142857144,18.38571428571429,1,0,1.37,15.2,5.3,FAr,407.5201118020341,23.024538397019864,31.21835307459672,56.25811499934043,2286520141.0,Retirados,8.0
Ninguno,Otro,Voleo_mecanizado,160.0,Si,Si,Si,Corrido,1,109.71428571428572,30.85714285714285,30.85714285714285,1,0,1.38,17.9,5.5,FAr,544.361196924001,22.58700100038105,30.482484498062696,63.60758534873404,2265799849.0,Incorporados,6.160714285714286
Ninguno,Fedearroz_67,Voleo_mecanizado,180.0,Si,Si,Si,Corrido,1,32.0,9.0,9.0,1,0,1.36,17.2,5.4,FAr,452.4168228395283,22.77285719195612,30.460027720627224,62.6635382198593,1862941114.0,Incorporados,6.25
Ninguno,Otro,Voleo_mecanizado,160.0,No,No,Si,Corrido,1,46.0,0.0,0.0,1,0,1.38,16.7,5.5,FAr,460.92822401598096,22.81051499450087,30.488045227643305,62.337580412336926,1859557220.0,Quemados,5.625
Ninguno,Fedearroz_67,Voleo_mecanizado,180.0,Si,No,Si,Corrido,1,32.0,9.0,9.0,2,0,1.4,13.4,5.5,FAr,569.3698479253799,23.093804931640577,31.3110383510589,57.34736290574074,2338417018.0,Quemados,6.875
Ninguno,Fedearroz_67,Voleo_mecanizado,180.0,No,Si,Si,Corrido,1,32.0,9.0,9.0,1,0,1.38,14.1,5.4,FAr,440.857521392405,22.455379486083935,30.34736150105789,62.90427014033,2233214786.0,Quemados,7.0
Ninguno,Otro,Voleo_mecanizado,200.0,Si,Si,Si,Corrido,1,27.0,27.0,27.0,2,0,1.4,15.9,5.4,FAr,369.1132854474709,23.19140450613834,32.109097871326206,51.87734346541147,2430966154.0,Incorporados,7.4375
Ninguno,Fedearroz_67,Voleo_mecanizado,190.0,Si,Si,Si,Corrido,1,32.0,9.0,9.0,1,0,1.37,14.2,5.4,FAr,380.95816710125655,23.08788877975104,31.960555013020773,53.202670163886495,2476640755.0,Quemados,6.5625
Ninguno,Fedearroz_67,Voleo_mecanizado,180.0,Si,Si,Si,Corrido,1,102.4,28.8,28.8,2,0,1.07,19.4,5.1,FAr,378.2507108449936,17.2780366443452,23.021925378224157,69.32036321125334,2003065327.0,Incorporados,7.0
Ninguno,Fedearroz_67,Voleo_mecanizado,150.0,Si,Si,Si,Corrido,1,128.0,36.0,36.0,1,0,1.25,20.2,5.5,FAr,205.02354168891907,21.999817246657116,29.97854502751272,55.14140965388371,1976226280.0,Quemados,5.625
Ninguno,Fedearroz_67,Voleo_mecanizado,200.0,Si,Si,Si,Corrido,1,24.5025,8.53875,6.6825,2,0,1.39,17.3,5.5,FAr,361.6331393597648,23.108812895275253,31.992324102492507,52.70308013189407,2072992352.0,Retirados,6.875
Ninguno,Fedearroz_67,Voleo_mecanizado,190.0,Si,Si,Si,Corrido,1,72.41142857142857,52.04571428571428,67.88571428571429,1,0,1.36,16.1,5.5,FAr,579.8729574419558,22.77060890197748,30.6280351638794,61.15274226665497,3024580282.0,Incorporados,7.232142857142857
Ninguno,Fedearroz_67,Voleo_mecanizado,150.0,Si,Si,Si,Corrido,1,64.0,18.0,18.0,1,0,1.39,19.4,5.6,FAr,453.30039501190186,22.39944864908849,30.780663045247334,59.252274926503496,2291847361.0,Quemados,9.1875
Ninguno,Fedearroz_67,Voleo_mecanizado,200.0,Si,No,No,Corrido,1,72.0,72.0,72.0,1,0,1.4,16.8,5.5,FAr,383.6534404754639,22.2263546413845,30.540094236343567,61.0472659156436,2431613911.0,Quemados,5.75
Ninguno,Fedearroz_67,Voleo_mecanizado,200.0,No,Si,Si,Corrido,1,140.25,29.7,29.7,2,0,1.39,15.7,5.6,FAr,492.1843237876892,22.439222815728908,30.885018182569876,58.71236567343435,2379267703.0,Quemados,8.125
Ninguno,Fedearroz_67,Voleo_mecanizado,190.0,Si,Si,Si,Corrido,1,9.0,9.0,29.0,2,0,1.38,17.9,5.4,FAr,493.4649209976196,22.46649431501111,30.88399094012599,58.39515214807847,2285968072.0,Quemados,8.3125
Ninguno,Fedearroz_67,Voleo_mecanizado,180.0,No,Si,Si,Corrido,1,21.25,11.5,15.0,1,0,1.27,12.5,5.3,FAr,570.7622199654579,23.31638878592604,31.636141277229655,56.304869352466,2609271534.0,Quemados,7.5
Ninguno,Otro,Voleo_mecanizado,180.0,No,No,Si,Corrido,1,184.0,0.0,0.0,1,0,1.27,12.5,5.3,FAr,241.0426588058472,22.84511148641394,31.430702896956507,57.03633155403556,1713883733.0,Otro,6.666666666666667
Sequía,Fedearroz_2000,Voleo_mecanizado,190.0,Si,No,Si,Corrido,1,234.66666666666669,168.66666666666669,220.0,1,0,1.25,12.5,5.3,FAr,507.1644768714905,23.31283993478544,32.565784363827404,49.3159289602506,2377165238.0,Retirados,5.625
Ninguno,Otro,Trasplante_manual,,No,No,No,Inundacion,3,18.611111111111114,0.0,16.666666666666668,2,1,1.35,18.5,5.5,FAr,495.9837786182761,23.42975129158261,30.998670565697395,59.70806820161881,2235105376.0,Quemados,7.5625
Ninguno,Otro,Voleo_manual,,No,No,No,Inundacion,1,128.57142857142856,30.0,30.0,2,1,1.35,18.5,5.5,FAr,495.9837786182761,23.42975129158261,30.998670565697395,59.70806820161881,2235105376.0,Retirados,6.071428571428571
Ninguno,Otro,Trasplante_manual,,No,No,No,Inundacion,2,76.0,9.0,39.0,1,0,1.32,15.2,5.3,FAr,292.2226600944996,23.439092951948886,31.62654569892468,56.39314339750557,1770536909.0,Otro,7.0
Otro,Otro,Trasplante_manual,120.0,No,No,No,Inundacion,1,97.5,18.0,18.0,1,0,1.32,15.2,5.3,FAr,453.5938412547112,23.327806024965984,31.330548095703065,58.10823460454526,2160796863.0,Retirados,8.875
Ninguno,Otro,Trasplante_manual,,No,No,No,Inundacion,1,150.5,27.0,27.0,0,1,1.38,16.7,5.4,FAr,365.7879267632961,23.40330961494032,31.638396035471224,55.91258120793168,1733083512.0,Otro,6.25
Ninguno,Otro,Trasplante_manual,125.0,No,No,No,Inundacion,2,82.0,18.0,35.0,3,1,1.32,21.1,5.5,FAr,609.0024158358574,22.983665406858712,29.94398066533075,64.19269257087213,2679007703.0,Retirados,3.4375
Ninguno,Otro,Trasplante_manual,100.0,No,No,No,Inundacion,4,109.5,49.5,49.5,1,0,1.39,21.9,5.5,FAr,353.6312443614006,23.93265834901388,32.482814732993475,52.59843054050353,1572882894.0,Retirados,7.5
Ninguno,Otro,Voleo_manual,250.0,No,No,No,Inundacion,1,23.288888888888888,0.8,0.8,2,1,1.31,15.1,5.4,FAr,318.0682085598819,23.277673996135714,32.08010221091644,51.62237454486149,1772096872.0,Quemados,6.25
Ninguno,Otro,Voleo_manual,100.0,No,No,No,Inundacion,2,164.0,30.0,30.0,1,0,1.3,23.2,5.4,FAr,537.3738474622369,23.02057599208147,30.872010034368884,60.3221575714821,2378359048.0,Otro,3.5
Ninguno,Otro,Trasplante_manual,150.0,No,No,No,Inundacion,1,115.2,32.4,32.4,2,0,1.35,16.8,5.4,FAr,499.5100124739111,23.035698966669795,30.871791783774714,60.00931480841908,2262003186.0,Otro,2.4
Ninguno,Otro,Voleo_manual,,No,No,No,Inundacion,1,17.77777777777778,5.0,5.0,0,0,1.36,15.4,5.3,FAr,471.5740925967693,23.69444082936928,32.88349353421113,48.24570984994212,2394497673.0,Quemados,0.6666666666666666
Ninguno,Fedearroz_67,Voleo_mecanizado,200.0,No,No,No,Inundacion,2,34.800000000000004,24.0,0.0,1,0,1.24,21.5,5.3,FAr,289.5158520564437,23.119166023500465,31.542767399613528,54.58141310496997,1715265506.0,Otro,1.9625
Ninguno,Otro,Voleo_mecanizado,140.0,No,No,No,Otro,1,109.33333333333334,24.0,100.0,1,1,1.35,16.4,5.2,FAr,445.7070296108722,22.432270428417123,30.499797144944043,61.63981457842075,2282040538.0,Quemados,5.5
Ninguno,Otro,Voleo_mecanizado,250.0,No,No,No,Inundacion,1,24.0,24.0,24.0,1,0,1.4,16.1,5.4,FAr,447.1660923138261,22.676042113265325,30.492396260083147,61.00192549170517,2276698690.0,Quemados,5.833333333333333
Ninguno,Fedearroz_67,Voleo_mecanizado,300.0,No,No,No,Corrido,1,80.0,0.0,0.0,1,0,1.41,16.0,5.4,FAr,483.4123136997223,22.93716367638624,32.02192425935172,51.56820110652757,3551305307.0,Quemados,7.333333333333333
Ninguno,Fedearroz_67,Siembra_en_surco,180.0,No,No,No,Inundacion,1,11.166666666666668,0.0,10.000000000000002,1,0,1.4,19.3,5.5,FAr,546.5584999639541,23.09984269801189,31.34308069740848,57.14712139842956,2245479473.0,Retirados,2.5
Ninguno,Fedearroz_67,Voleo_mecanizado,200.0,No,Si,No,Corrido,2,24.0,24.0,24.0,1,0,1.4,14.6,5.4,FAr,495.5200402736664,22.78667188741388,31.52641255006946,56.701114169621874,2208048094.0,Quemados,7.5
Ninguno,Fedearroz_67,Voleo_mecanizado,150.0,No,No,No,Corrido,3,67.5,45.00000000000001,45.00000000000001,2,0,1.39,16.2,5.5,FAr,505.3593373141484,23.070996043721134,31.273159990154276,57.68310575016209,2226831529.0,Quemados,6.160714285714287
Ninguno,Fedearroz_67,Voleo_mecanizado,170.0,No,No,No,Corrido,1,102.85714285714286,102.85714285714286,102.85714285714286,2,1,1.37,14.8,5.3,FAr,593.0789372045547,23.12161851040148,31.38194078548928,56.943555284840194,2356825086.0,Otro,6.25
Sequía,Fedearroz_67,Voleo_mecanizado,180.0,No,Si,No,Corrido,1,56.0,24.0,46.66666666666667,1,1,1.4,14.6,5.4,FAr,495.1473577022553,22.977439775539665,32.12274095375114,53.14237268462436,2496449796.0,Quemados,4.0
Ninguno,Fedearroz_67,Voleo_mecanizado,170.0,No,Si,No,Corrido,1,82.0,36.0,36.0,1,2,1.41,13.6,5.4,FAr,369.71873807907104,22.4000922851562,31.10011547851557,60.25830798339844,2366945783.0,Quemados,7.5
Ninguno,Fedearroz_67,Voleo_mecanizado,180.0,No,Si,No,Inundacion,1,198.0,36.0,70.0,1,3,1.4,14.6,5.4,FAr,795.3562108594924,22.836832915759423,31.05978550311651,59.76592988394648,3384746916.0,Quemados,8.125
Ninguno,Fedearroz_67,Voleo_mecanizado,200.0,No,Si,No,Corrido,1,18.0,18.0,18.0,1,1,1.39,16.5,5.5,FAr,620.0679952222854,22.9581122856635,31.10162595278257,58.86564911185921,2827586992.0,Retirados,7.5
Ninguno,Fedearroz_68,Voleo_mecanizado,230.0,Si,No,No,Corrido,3,65.33333333333334,27.0,67.0,1,1,1.15,21.8,4.9,FAr,373.7344462275505,19.486224017879785,25.84416146627281,65.81521172252128,2079058788.0,Quemados,6.25
Otro,Otro,Voleo_mecanizado,200.0,No,No,No,Corrido,1,33.5,1.5,0.0,2,2,0.91,27.0,5.3,FAr,231.98725039884448,14.773828928094142,21.50044550310097,70.36505227339894,2159317780.0,Quemados,6.25
Ninguno,Otro,Voleo_mecanizado,180.0,No,No,No,Corrido,1,66.0,66.0,66.0,1,1,0.89,30.9,5.1,FAr,419.0081763267517,14.671511791598387,21.594338497038763,70.08810409422844,2356582251.0,Retirados,7.5
Ninguno,Otro,Voleo_mecanizado,180.0,No,No,No,Inundacion,4,116.6,9.2,0.0,2,2,1.27,12.4,5.3,Ar,420.1779272314161,22.995444808467703,31.749308727633515,50.51151989352319,1816706612.0,Retirados,7.375
