MET_SIEMBRA,CANT_SEMILLA,ORIG_SEMILLA,CABALLONEO,NIVELADO,ARADO,FERT_ORG,USO_PRON_FERT,N_TOTAL,P2O5_TOTAL,K2O_TOTAL,FRACC_FERT,TIPO_RIEGO,HERB,INSECT,INCORP_RES,USO_BIOFERT,REDUC_REND,REND,DENS_AP,CIC,pH,N_SUELO,C_ORG_SUELO,TEXT,PREC_ACUM,TEMP_MIN_PROM,TEMP_MAX_PROM,REL_HUM_PROM,SOL_RAD_ACUM
Siembra_en_surco,225,Propio_lote,3,0,0,No,No,286.25,36,96,4,Corrido,2,0,No,No,Otro,10,1.39,18.8,5.3,1.76,24.2,FAr,456.1066313,22.69449401,30.86701678,60.95622944,2605.545879
Siembra_en_surco,200,Propio_lote,1,1,0,No,No,70.62,36.06,39.17,4,Corrido,2,1,Si,No,Otro,8.04,1.39,16.9,5.4,1.74,25.1,FAr,386.8354278,23.24850666,32.02661212,53.45964807,2340.359545
Voleo_mecanizado,200,Propio_lote,2,1,0,No,No,173.22,74,120.25,6,Corrido,2,4,No,No,Otro,5,1.36,21.2,5.6,2.41,28.6,FAr,368.8601007,23.19319153,30.47203258,63.4048825,2004.575605
Siembra_en_surco,186.3,Propio_lote,1,0,0,No,No,222,126,194,4,Corrido,2,1,Si,No,Plagas y enfermedades,5.63,1.35,15,5.3,2.07,36.4,FAr,434.8037782,22.9777385,30.36645376,64.99739789,1849.064293
Siembra_en_surco,100,Propio_lote,1,0,0,No,No,136,36,36,4,Corrido,5,5,Si,No,Plagas y enfermedades,4.38,1.35,15.3,5.3,1.95,36.3,FAr,448.0754752,23.10317887,31.0901287,61.50060941,2276.80527
Voleo_mecanizado,200,Propio_lote,1,0,0,No,No,257,54,107,5,Corrido,4,4,No,No,Otro,10.67,1.39,16.9,5.5,1.78,20.5,FAr,504.6670833,23.01487873,31.14383827,57.7770126,2383.43415
Voleo_mecanizado,200,Propio_lote,1,1,0,No,Si,239,72,106,6,Corrido,2,2,Si,No,Sequías,6.75,1.38,14.1,5.4,2.08,21,FAr,358.6763749,22.50979152,29.63635029,68.04023661,1873.544155
Voleo_mecanizado,200,Propio_lote,1,0,1,No,No,211.44,73.44,163.44,5,Corrido,4,5,No,No,Otro,8.13,1.4,19,5.5,2.05,28.4,FAr,469.9911737,22.69804931,30.20988447,61.19828539,1979.238515
Voleo_mecanizado,200,Propio_lote,1,1,0,No,No,231.5,108,108,5,Corrido,3,2,Si,No,Otro,5,1.38,17.3,5.5,1.82,26.7,FAr,439.9291072,22.55128015,30.32793871,63.97207449,2129.569704
Voleo_mecanizado,200,Propio_lote,1,0,0,Si,No,291.5,54,54,5,Corrido,2,1,Si,No,Alta temperatura,7.92,1.32,15.6,5.4,2.17,30.2,FAr,607.3837798,22.74113323,29.31971983,63.85012941,2337.508984
Voleo_mecanizado,175,Propio_lote,1,0,0,Si,No,207.55,46,28.5,5,Corrido,2,0,No,No,Otro,8.21,1.34,16.7,5.4,1.96,21.8,FAr,504.7789915,21.37618457,29.69053687,56.25706714,2437.609764
Voleo_mecanizado,200,Propio_lote,1,1,0,No,No,188.2,46,120,4,Corrido,3,2,No,No,Otro,10.27,1.3,15.4,5.4,2.36,29.8,FAr,419.8123302,21.01220984,28.40575589,57.07157979,2027.104373
Siembra_en_surco,200,Propio_lote,1,1,0,No,No,191,36,129.5,4,Corrido,3,3,No,No,Otro,7.5,1.37,15.3,5.2,1.51,19.2,FAr,377.4305921,22.63607968,30.59786268,62.62660582,2082.553654
Voleo_mecanizado,185,Propio_lote,1,0,0,Si,Si,163.5,31.5,87,4,Corrido,3,2,Si,No,Otro,5.63,1.39,18,5.3,1.85,23.5,FAr,451.7633939,22.56482093,30.40523041,63.62128474,2217.160594
Siembra_en_surco,200,Propio_lote,1,0,0,Si,Si,119.4,45.9,75.9,4,Corrido,3,2,Si,Si,Alta temperatura,7.19,1.35,15.2,5.3,2.45,31.4,FAr,653.1286404,22.85942968,29.20911932,67.43427049,2088.805703
Siembra_en_surco,150,Propio_lote,1,0,0,No,No,138,45,103,4,Corrido,5,2,Si,No,Otro,8.13,1.35,15.2,5.3,2.45,31.4,FAr,712.8789251,22.73996455,28.79939448,69.4194967,2088.072543
Siembra_en_surco,200,Propio_lote,1,0,0,No,No,321.65,36,195,5,Corrido,4,2,No,No,Alta temperatura,7.71,1.21,15,5.3,2.31,36.4,FAr,560.5295026,23.50412045,32.48449164,50.5902243,2721.332147
Voleo_mecanizado,200,Propio_lote,1,0,0,No,No,108.88,38.88,55.88,4,Corrido,2,1,Si,No,Sequías,5,1.26,14.2,5.3,1.93,29.5,Ar,634.4020026,22.77112744,30.90782858,59.1225224,2229.576348
Voleo_mecanizado,200,Propio_lote,1,0,0,No,Si,213.75,27,95.5,4,Corrido,4,3,No,No,Otro,7.5,1.24,16.7,5.3,1.67,41.3,FAr,635.0820408,23.17505123,32.28261193,52.4140459,2350.271109
Voleo_mecanizado,200,Propio_lote,2,3,0,No,No,307.48,41.76,41.76,4,Corrido,3,4,Si,No,Alta temperatura,5.25,1.27,19.3,5.5,2.27,36.4,FAr,529.3086455,23.4225769,31.22375895,55.78464403,2254.010234
Voleo_mecanizado,200,Propio_lote,1,1,0,No,Si,208.1,36,66,5,Corrido,5,3,No,No,Alta temperatura,5,1.25,18.9,5.4,2.56,37.8,FAr,789.6591606,22.62335874,29.34517305,62.72154322,2176.714276
Voleo_mecanizado,200,Propio_lote,1,0,0,No,Si,302,54,174,5,Corrido,2,2,Si,No,Sequías,6.88,1.22,12.5,5.3,2.71,38.5,FAr,681.8951355,23.20212118,31.71499532,55.62486,2859.699107
Voleo_mecanizado,150,Propio_lote,1,1,0,Si,No,203.5,23,75,5,Corrido,4,4,Si,No,Alta temperatura,6.25,1.26,13.5,5.2,2.2,29.3,FAr,582.9184456,22.55839918,30.13094297,63.39754878,2616.590153
Voleo_mecanizado,150,Propio_lote,1,0,0,Si,No,199.72,65,64.5,6,Corrido,3,3,Si,No,Otro,5.81,1.19,20.1,5.4,2.07,51.6,FAr,527.0779159,22.9650647,31.37013965,53.18889914,2452.397656
Voleo_mecanizado,200,Propio_lote,1,1,0,No,No,172.25,72,106,5,Corrido,3,5,No,Si,Alta temperatura,5.63,1.4,18.5,5.4,1.73,26.5,FAr,618.3332601,23.06019002,31.34357259,56.8390922,2791.873136
Voleo_mecanizado,150,Semillista,1,1,0,No,No,156,27,103.5,5,Corrido,2,2,No,No,Plagas y enfermedades,6.25,1.38,16.9,5.5,1.82,25.3,FAr,290.7096596,22.95579212,31.10518916,56.46010351,1927.493272
Siembra_en_surco,200,Propio_lote,1,1,0,No,No,117,72,89,4,Inundación,1,0,No,No,Otro,7.94,1.4,18.2,5.3,1.77,22.7,FAr,648.9004953,22.47045511,29.48841012,64.71502025,2220.98664
Siembra_en_surco,170,Propio_lote,1,1,0,Si,Si,45,45,78,4,Corrido,2,0,Si,Si,Otro,10.4,1.39,12.5,5.2,1.72,20.6,FAr,348.0638099,22.84811034,29.26533776,69.30427994,2032.093779
Siembra_en_surco,175,Propio_lote,1,1,0,No,No,128.7,27,44,2,Corrido,2,1,No,No,Alta temperatura,6.75,1.36,17.4,5.3,1.64,25.4,FAr,407.7086959,22.61794507,30.6006613,62.49087084,2326.61841
Siembra_en_surco,217,Propio_lote,1,1,0,No,No,123,81,81,4,Inundación,2,1,No,No,Otro,5.5,1.39,18.6,5.3,1.63,22.8,FAr,632.0807109,22.83240834,30.46868952,61.15691333,2417.695821
Siembra_en_surco,200,Propio_lote,1,1,0,No,No,178.5,126,126,4,Corrido,1,0,No,No,Alta temperatura,4.88,1.41,19,5.5,2.11,33.5,FAr,503.8839769,23.30528536,31.10815582,58.26262265,2742.426774
Siembra_en_surco,160,Propio_lote,1,1,0,No,No,179.75,72,72,4,Corrido,1,0,No,No,Otro,8.45,1.41,19,5.5,2.11,33.5,FAr,162.1306543,23.48601801,31.92572661,54.01148584,2005.240947
Siembra_en_surco,150,Propio_lote,1,1,0,No,No,94.5,63,63,4,Corrido,1,0,No,No,Otro,8.13,1.34,22.4,5.4,2.24,41.7,FAr,396.1093626,22.15471175,28.50366636,72.91318495,1969.680412
Siembra_en_surco,200,Propio_lote,1,1,0,No,No,261.5,36,86,4,Corrido,1,0,No,No,Otro,7,1.38,15.1,5.5,1.92,26.4,FAr,735.8675618,22.61473326,29.67423605,65.02878204,2268.309313
Siembra_en_surco,200,Propio_lote,1,1,0,No,No,170.5,108,108,4,Corrido,1,2,No,No,Plagas y enfermedades,6.25,1.4,22.4,5.5,2.01,32.5,FAr,538.5527411,23.00656584,31.09425798,58.03371237,2250.02535
Siembra_en_surco,200,Propio_lote,1,1,0,No,No,190,45,126,5,Corrido,1,1,No,No,Plagas y enfermedades,4.38,1.35,21,5.4,2.16,35.6,FAr,587.6446905,22.88452143,30.62171878,60.40848041,2107.890809
Siembra_en_surco,200,Propio_lote,1,1,0,No,Si,263.5,117,117,4,Corrido,1,1,No,No,Plagas y enfermedades,4.06,1.36,21.2,5.5,2.06,30.1,FAr,787.410393,22.79202259,30.35983902,61.6187437,2859.032417
Siembra_en_surco,210,Propio_lote,1,0,0,No,No,184,36,70,5,Corrido,2,1,No,No,Plagas y enfermedades,6.88,1.4,12.7,5.2,1.98,21.2,FAr,650.873807,22.99868433,30.44430786,62.26299368,2262.222515
Siembra_en_surco,130,Propio_lote,1,1,0,No,No,201,27,78,5,Corrido,1,1,No,No,Alta temperatura,5.63,1.37,13.3,5.4,1.91,29,FAr,445.3910651,23.13465509,31.78993449,56.77084023,2444.405058
Siembra_en_surco,175,Propio_lote,1,0,0,No,No,309,63,80,4,Corrido,3,1,Si,No,Plagas y enfermedades,6.25,1.34,12.7,5.4,2.06,26.7,FAr,500.1253633,22.62533367,29.41602971,70.39102047,2327.412432
Siembra_en_surco,200,Propio_lote,1,0,0,No,No,177.5,108,193.5,4,Corrido,1,1,Si,No,Plagas y enfermedades,5.6,1.38,19.4,5.6,1.64,26.4,FAr,377.7597275,22.48555533,29.15396909,72.48336557,2258.192727
Siembra_en_surco,150,Propio_lote,1,0,0,No,No,161,27,27,4,Corrido,3,3,No,No,Plagas y enfermedades,5.65,1.38,19.9,5.5,2.07,22.7,FAr,749.1480315,22.54173087,28.85630816,70.61609392,1793.296401
Siembra_en_surco,200,Casa_comercial,1,0,0,No,No,144,72,183,4,Corrido,2,2,Si,No,Plagas y enfermedades,2.5,1.37,17.3,5.5,1.77,22.5,FAr,362.0457592,22.45518162,29.09534143,72.95580179,2128.931482
Siembra_en_surco,120,Propio_lote,1,0,0,No,No,202,45,79,4,Corrido,1,2,No,No,Otro,8.5,1.18,13.9,5.4,2.41,43.1,FAr,444.9900057,20.00557468,28.22017035,57.47860327,2556.507649
Siembra_en_surco,175,Propio_lote,1,0,0,No,No,133.5,63,105,5,Corrido,3,1,Si,No,Otro,6.25,1.37,12.4,5.4,2.08,25.3,FAr,727.4958878,22.85712439,29.91973402,64.73402074,2422.953248
Siembra_en_surco,200,Propio_lote,1,0,0,No,Si,265,90,90,5,Corrido,1,1,No,No,Plagas y enfermedades,8.75,1.39,15.2,5.5,1.83,31.7,FAr,481.2218869,23.17456812,31.36075415,59.7758479,2374.454247
Voleo_mecanizado,200,Propio_lote,1,0,0,No,No,195.515,27,102,5,Corrido,2,0,Si,No,Otro,9.13,1.31,19.2,5.5,2.65,34.1,Ar,475.452806,20.39495093,27.78729468,63.3334592,2235.872148
Voleo_mecanizado,150,Propio_lote,1,0,0,No,No,213.5,31.5,181.5,5,Corrido,1,0,No,No,Otro,5.69,1.27,17.8,5.5,2.28,31,FAr,566.2328477,17.45939505,24.3661685,73.95643739,1716.097641
Siembra_en_surco,175,Propio_lote,1,1,0,No,No,132.25,46,105,5,Corrido,4,0,No,No,Alta temperatura,9.3,1.27,17.7,5.3,2.19,34.7,FAr,402.5633199,21.25449465,30.93084371,45.09132673,1979.082585
Siembra_en_surco,120,Propio_lote,1,1,0,No,No,213.5384615,54,54,4,Corrido,3,0,No,No,Alta temperatura,6.88,1.13,14.3,5.1,2.04,37,FAr,809.3679235,22.94465544,29.6417775,62.61698492,2013.773675
Siembra_en_surco,175,Propio_lote,1,1,0,No,Si,145,36,36,4,Corrido,2,0,No,No,Otro,6.88,1.15,12.8,5.3,2.3,40.8,Ar,751.0350614,22.69249795,29.54919156,62.51608002,1956.497131
Siembra_en_surco,175,Propio_lote,1,0,0,No,No,211.25,36,36,4,Corrido,5,0,No,No,Alta temperatura,7.5,1.19,15.5,5.4,2.7,40.4,Ar,621.3994045,23.00326412,31.66846619,55.64553869,2371.514361
Siembra_en_surco,140,Propio_lote,1,0,0,No,Si,186.25,36,66,5,Corrido,1,0,No,No,Otro,6.88,1.18,13.8,5.2,2.09,39.2,FAr,628.7105808,23.10803304,32.0907589,53.4789167,2458.448666
Siembra_en_surco,200,Propio_lote,1,0,0,No,No,242.9113924,80,111.6455696,5,Corrido,3,2,No,No,Plagas y enfermedades,6.33,1.26,17.9,5.3,2.15,41.2,FAr,436.7273698,22.9316971,32.29811832,49.50263115,2416.951222
Voleo_manual,200,Propio_lote,1,0,0,No,No,260.2,22,141.1,5,Corrido,5,0,Si,No,Otro,5.63,1.19,14.6,5.2,2.08,41.7,FAr,598.5386648,23.25168029,32.59285742,51.05233658,2022.720738
Siembra_en_surco,160,Propio_lote,1,1,0,No,Si,242,36,51,4,Corrido,2,0,No,No,Alta temperatura,7.69,1.17,16.9,5.1,1.84,24.9,FAr,378.9345186,22.04716057,31.14882704,51.53272166,2352.571769
Siembra_en_surco,175,Propio_lote,1,1,0,No,No,183.7,63.6,172.8,5,Inundación,2,0,No,No,Otro,7.19,1.25,19.3,5.5,2.11,38,FAr,382.6087751,23.45136694,31.97099463,54.98404422,2447.602304
Siembra_en_surco,200,Propio_lote,0,0,0,No,No,241,36,156,5,Corrido,2,0,No,No,Otro,8.36,1.23,20.4,5.4,2.18,40.9,FAr,822.2304759,22.56014637,31.46026816,54.33778946,2528.356003
Siembra_en_surco,175,Propio_lote,1,1,0,No,No,212,54,54,5,Inundación,2,0,No,No,Otro,6.88,1.28,23.2,5.4,2.67,45.5,FAr,427.53983,23.51569744,32.12347819,54.03073948,2553.39383
Siembra_en_surco,200,Propio_lote,1,0,0,No,No,235.5,63,63,5,Corrido,1,1,Si,No,Otro,7.5,1.25,13.1,5.3,2.47,37.1,FAr,743.4087541,21.90775599,29.24799573,65.6503749,2174.503838
Siembra_en_surco,150,Propio_lote,0,0,0,No,Si,283.25,27,102,5,Corrido,6,0,Si,No,Otro,8.56,1.22,12.5,5.3,2.71,38.5,FAr,430.2141628,22.8588417,30.12240522,63.25708442,1953.135828
Siembra_en_surco,175,Propio_lote,0,0,0,No,No,261,76,100,4,Corrido,3,0,No,No,Otro,6.88,1.3,13.3,5.3,1.98,27.4,FAr,432.0935941,22.70624168,29.74388317,65.17209112,2012.821923
Siembra_en_surco,200,Propio_lote,0,0,0,No,No,215.95,41.4,105,5,Corrido,4,1,No,No,Alta temperatura,5,1.26,13.2,5.2,1.92,28.2,FAr,534.5630317,22.91873946,30.3135716,62.05431407,2160.359483
Siembra_en_surco,175,Propio_lote,1,1,0,No,No,111.7,36,49.6,4,Corrido,2,1,No,No,Otro,7.92,1.35,22.4,5.4,2.93,32.7,FAr,313.0663264,23.51800051,32.16192389,51.46713694,2378.886358
Siembra_en_surco,175,Propio_lote,1,1,0,No,Si,227.5,22.5,37.5,4,Corrido,4,0,No,No,Alta temperatura,8,1.32,19.1,5.4,2.69,30,FAr,321.5740619,23.11134382,32.22289377,53.04754725,2316.766542
Siembra_en_surco,150,Propio_lote,1,1,0,No,Si,92.5,36,96,4,Corrido,7,0,No,No,Alta temperatura,6.88,1.34,21.4,5.4,2.21,32.4,FAr,499.0221186,22.87556004,29.34594658,64.88528674,1923.683446
Siembra_en_surco,150,Propio_lote,1,1,0,No,Si,190.25,34.5,30,4,Corrido,4,4,Si,No,Otro,8.75,1.31,19.1,5.5,2.27,42.2,FAr,343.9623525,21.2696182,30.58555393,45.92445478,2336.274685
Siembra_en_surco,125,Propio_lote,1,1,0,No,No,184,34.5,120,5,Corrido,7,4,Si,Si,Otro,10.5,1.23,18.1,5.5,2.54,28.7,FAr,485.5185215,21.17504272,29.72519073,50.34391309,2611.101061
Siembra_en_surco,150,Propio_lote,1,1,0,No,Si,198.75,34.5,60,5,Corrido,7,1,No,No,Otro,8.13,1.17,19.2,5.5,2.4,34.6,FAr,681.7341886,17.32545766,24.09534297,74.83409145,1923.577622
Siembra_en_surco,150,Propio_lote,1,1,0,Si,No,197.5,69,75,5,Corrido,7,1,Si,No,Otro,8.75,1.23,17.7,5.5,2.66,40.6,FAr,449.3677847,18.70662618,26.2033742,63.16097449,2118.786941
Siembra_en_surco,150,Propio_lote,1,0,0,No,No,269,46,90,5,Corrido,5,2,Si,Si,Otro,8.06,1.27,17.9,5.5,2.58,32.9,FAr,420.5564232,21.35911828,28.52633889,66.76863823,1820.679191
Siembra_en_surco,200,Propio_lote,1,0,0,Si,No,136.5,27,89,5,Corrido,3,1,Si,No,Alta temperatura,7.56,1.38,19.8,5.4,1.8,22.6,FAr,367.0813847,22.30248322,29.47036737,68.30004358,1842.010758
Voleo_mecanizado,150,Semillista,2,1,0,No,No,102,36,53,4,Corrido,1,1,No,No,Plagas y enfermedades,6.19,1.38,14.4,5.6,2.05,34.4,FAr,269.8362231,23.4200957,32.86776416,49.83331726,2455.24506
Siembra_en_surco,200,Propio_lote,1,1,0,No,No,241.5,126,126,4,Corrido,1,3,No,No,Plagas y enfermedades,5.63,1.34,19.4,5.5,2.24,36.3,FAr,837.2429483,22.34236884,28.92428231,69.1893988,2145.497768
Siembra_en_surco,150,Propio_lote,1,1,0,Si,No,250.2,108,142,4,Corrido,3,2,No,No,Alta temperatura,7.81,1.39,20,5.5,2.03,23.4,FAr,386.3610687,22.11307762,28.47841484,73.47353573,2257.277479
Siembra_en_surco,175,Propio_lote,2,1,0,No,No,183,54,135,5,Corrido,3,3,Si,No,Alta temperatura,8,1.39,13.2,5.4,1.83,21.1,FAr,441.8924694,22.79300889,29.30446777,69.7918934,2964.458669
Siembra_en_surco,120,Propio_lote,0,2,0,Si,No,179.5,45,130.5,4,Inundación,3,0,No,No,Alta temperatura,8.19,1.37,16.4,5.4,1.7,28.7,FAr,456.2554402,23.19573752,31.25571025,58.34495632,2172.466649
Voleo_mecanizado,175,Propio_lote,1,0,0,No,Si,166.5,27,52.5,4,Corrido,3,2,Si,No,Plagas y enfermedades,5,1.38,22.2,5.5,1.85,25.1,FAr,571.386874,22.89792691,30.50565165,64.48034347,2726.599406
Siembra_en_surco,150,Propio_lote,1,1,0,No,No,121.75,39,74.5,5,Corrido,3,1,Si,No,Otro,4.88,1.34,12.7,5.4,2.06,26.7,FAr,527.1401973,22.96651156,30.38303367,64.82037072,2083.838683
Siembra_en_surco,150,Propio_lote,1,0,0,No,No,118.5,72,97.5,4,Corrido,1,2,Si,No,Plagas y enfermedades,5.63,1.37,17.7,5.5,1.99,30.5,FAr,423.7441916,23.17927133,31.17128188,58.66844761,2180.905923
Voleo_manual,189.2307692,Propio_lote,2,0,0,No,No,238.75,57,179.5,3,Corrido,1,0,Si,No,Otro,6.2,1.36,16.6,5.5,1.82,31.4,FAr,725.9631273,22.03438579,28.73363789,69.4946096,2298.265363
Voleo_manual,250,Propio_lote,0,0,0,No,No,115.6008,40,55.7904,6,Inundación,2,2,Si,No,Otro,6.25,1.34,17.3,5.4,2.07,27,FAr,558.2123101,23.65522838,31.30793437,60.17228348,2227.322499
Trasplante_manual,200,Propio_lote,0,1,0,No,Si,202.6,28.8,28.8,7,Inundación,1,0,Si,No,Alta temperatura,6,1.34,17.1,5.3,1.93,32.2,FAr,490.1098454,23.18466227,30.96338694,61.8544417,2543.108756
Voleo_manual,250,Propio_lote,0,1,0,No,No,105.71,25.68,49.24,3,Corrido,0,2,Si,No,Otro,5.94,1.33,19,5.4,1.88,36.8,FAr,485.4220202,22.58826656,28.86213554,72.67245547,1933.93947
Voleo_manual,248,Semillista,0,1,0,No,No,166,36,61.5,4,Inundación,3,3,Si,No,Alta temperatura,3.33,1.35,17.2,5.5,2.14,25.2,FAr,518.181874,23.27897182,31.23922794,58.87882928,2055.510409
Trasplante_manual,100,Propio_lote,0,0,0,No,No,150.5,27,27,1,Inundación,1,1,Si,No,Otro,6.45,1.32,17.7,5.4,2.05,23,FAr,364.6810908,23.20555005,31.03353271,58.46548571,2235.82034
Trasplante_manual,250,Semillista,0,0,0,No,No,146,54,54,2,Inundación,0,0,Si,No,Alta temperatura,9.06,1.35,15.4,5.3,2.3,33.2,FAr,417.3501391,23.15013989,31.28241439,60.25288053,2349.215711
Trasplante_manual,186,Semillista,0,0,0,Si,No,142.38,72,72,2,Inundación,2,1,No,No,Otro,4.11,1.36,22.5,5.6,2.44,32.9,FAr,442.4201822,24.14562456,32.46816928,54.44911588,2188.900704
Trasplante_manual,124,Semillista,0,0,0,No,No,216.46,36,36,4,Inundación,3,3,Si,No,Otro,7.5,1.37,23.6,5.6,2.14,28,FAr,273.6049867,24.71120065,34.14976418,44.71195636,2210.016192
Trasplante_manual,,Semillista,0,0,0,No,No,170.8,36.06,36.06,3,Inundación,2,2,Si,No,Alta temperatura,5.63,1.39,22.1,5.6,2.23,26.5,FAr,563.9829035,24.12507019,32.46099539,54.23168979,2506.544564
Trasplante_manual,,Semillista,0,2,0,No,No,104,45,70.5,3,Inundación,3,2,Si,No,Otro,5.72,1.36,22.5,5.6,2.44,32.9,FAr,454.5248909,24.49537362,33.36553972,48.53445705,2679.658393
Trasplante_manual,200,Propio_lote,0,0,0,No,No,228,54,79.5,3,Inundación,2,0,Si,No,Otro,2.78,1.39,19.6,5.5,2.42,20.1,FAr,416.1157498,24.5145153,33.40247391,48.71957004,2463.374496
Voleo_manual,175,Semillista,0,1,0,No,No,189,36,61.5,4,Inundación,0,0,Si,No,Alta temperatura,6.25,1.34,15.3,5.3,1.91,34.8,FAr,430.5548539,23.3914301,31.65958403,57.83495085,2434.966817
Voleo_manual,,Otro,0,1,0,No,No,203.4,40.5,87.5,4,Inundación,2,0,Si,No,Otro,6.47,1.33,15.2,5.3,1.88,32.4,FAr,271.3087049,23.52654807,32.19362741,54.86625025,2268.026756
Voleo_manual,248,Semillista,0,1,0,No,No,153,36,70,3,Inundación,2,2,Si,No,Otro,5,1.29,14.4,5.4,2.12,34.3,FAr,537.2856669,23.34524583,31.37508045,58.21206915,2118.220405
Voleo_manual,,Semillista,0,0,0,No,No,252.5,98.25,98.25,3,Inundación,2,2,Si,No,Otro,3.38,1.35,13.9,5.5,2.15,25.9,FAr,537.2856669,23.45207873,31.61720755,56.92345323,2187.438655
Trasplante_manual,250,Semillista,0,0,0,No,No,81,81,81,3,Inundación,3,0,Si,No,Alta temperatura,7.5,1.38,19.5,5.5,2.1,25.8,FAr,300.8027747,24.26773452,33.56959928,45.39985422,2267.95115
Voleo_manual,250,Semillista,0,0,0,No,No,193,72,73.2,4,Inundación,2,1,Si,No,Otro,6.25,1.36,18.3,5.5,1.72,23.6,FAr,443.849926,23.63836382,32.09360148,54.71813162,2303.131881
Trasplante_manual,200,Fedearroz,0,0,0,No,No,151,50,87,4,Inundación,0,3,Si,No,Otro,5.63,1.38,19.5,5.5,2.1,25.8,FAr,434.7711103,23.02851393,30.63002537,61.91228817,1808.497249
Trasplante_manual,201.9230769,Semillista,0,0,0,No,No,212,99,99,3,Inundación,1,1,Si,No,Plagas y enfermedades,8.13,1.38,19.5,5.5,2.1,25.8,FAr,394.3094978,22.59918678,30.0803887,67.12518336,2233.202292
Trasplante_manual,,Semillista,0,0,0,No,No,160.5,81,81,5,Inundación,2,1,Si,No,Alta temperatura,5.63,1.38,19.5,5.5,2.1,25.8,FAr,424.3139389,22.61452686,30.03936108,66.86790169,2238.969006
Trasplante_manual,200,Semillista,0,0,0,Si,No,74.5,63,63,4,Inundación,2,0,Si,No,Otro,3.94,1.35,19.1,5.4,1.65,25.4,FAr,362.7534137,23.9098457,32.79230725,50.43415787,2414.719508
Trasplante_manual,100,Propio_lote,0,1,0,No,No,140,27,27,7,Inundación,2,1,Si,No,Otro,6.33,1.37,15.7,5.5,2.09,21.4,FAr,530.3679767,22.9180906,29.78568294,67.62621878,1940.431257
Trasplante_manual,200,Semillista,0,1,0,No,No,259,45,75,4,Inundación,2,0,No,No,Otro,5.51,1.34,12.8,5.2,2.22,20.7,FAr,403.7026274,22.56583442,30.04082949,67.49886716,2181.289775
Voleo_manual,248,Semillista,0,0,0,No,No,272,72,89,4,Inundación,2,0,Si,No,Otro,6.56,1.39,14,5.3,1.93,24.3,FAr,403.4302833,22.50960439,28.9025589,73.60646499,2197.082806
Trasplante_manual,150,Propio_lote,0,2,0,Si,Si,184.5,36,126,4,Inundación,2,1,Si,No,Otro,6.25,1.37,22.6,5.6,2.32,26.7,FAr,452.2900167,23.40276663,32.20013711,53.28221828,2305.213583
Trasplante_manual,225,Semillista,0,1,0,Si,No,75,54,54,4,Inundación,1,2,Si,No,Otro,6.44,1.37,13.6,5.4,1.98,25,FAr,365.9581962,23.02911762,30.27872925,65.38809204,1717.023577
Voleo_manual,,Propio_lote,0,1,0,No,No,306,108,159,3,Inundación,1,0,No,No,Otro,4.5,1.37,16.7,5.4,2.11,21.7,FAr,422.5882752,23.89344676,31.75996786,57.81636396,1880.627912
Trasplante_manual,201.9230769,Propio_lote,0,1,0,No,No,298.4,109.8,109.8,4,Inundación,1,1,Si,No,Alta temperatura,5.35,1.4,14.6,5.5,2.32,28.5,FAr,379.7660601,23.46582403,31.55178515,57.13601522,2130.677565
Trasplante_manual,267.0769231,Propio_lote,0,0,2,No,Si,117,47,27,3,Inundación,3,0,Si,No,Alta temperatura,5.17,1.34,18.9,5.5,1.92,29.1,FAr,351.0943842,23.43930451,31.89182476,56.64044931,2081.178786
Trasplante_manual,225,Propio_lote,0,1,0,No,No,173.54,37.95,79.61,4,Inundación,4,0,Si,No,Otro,3.35,1.35,18.5,5.5,1.75,28.1,FAr,396.3170409,23.23192324,31.13646214,60.77931349,2171.287271
Voleo_manual,201.5517241,Semillista,1,1,0,No,No,258,90,132.5,4,Inundación,3,1,No,No,Alta temperatura,5.37,1.36,16.5,5.5,1.91,29,FAr,487.5106099,23.09452079,30.81416917,61.04515592,1889.333631
Voleo_manual,200,Propio_lote,1,1,0,No,No,239,90,132.5,4,Inundación,1,3,Si,No,Otro,7.4,1.36,16.5,5.5,1.91,29,FAr,459.4949124,23.47747136,31.68844498,56.72909227,2000.135243
Trasplante_manual,200,Propio_lote,0,0,2,No,No,129,36,58,4,Inundación,2,0,Si,No,Otro,2.07,1.32,14.3,5.2,1.87,24.3,FAr,345.4299557,23.0785238,30.53152264,64.19769594,1784.19472
Trasplante_manual,100,Semillista,0,1,1,Si,No,154.5,27,44,3,Inundación,2,1,Si,No,Alta temperatura,2.26,1.35,18.5,5.5,1.75,28.1,FAr,210.1249113,23.53824346,32.4349447,54.12889899,1833.287637
Trasplante_manual,,Propio_lote,0,1,1,No,No,286,90,132.5,4,Inundación,2,1,No,No,Alta temperatura,5,1.32,16.8,5.3,1.98,34.4,FAr,396.0166066,23.05748812,30.39841973,64.82821005,1859.345047
Voleo_manual,,Propio_lote,0,0,0,No,No,151,72,110.5,4,Inundación,3,0,Si,No,Alta temperatura,5.58,1.3,14.2,5.4,2.24,31.9,FAr,611.812675,23.24174125,31.22597061,59.12277622,2253.500789
Trasplante_manual,248,Casa_comercial,0,0,0,No,No,263.4,45,135,4,Inundación,3,1,No,No,Alta temperatura,5,1.33,13.2,5.4,2.14,24.3,FAr,370.0429497,23.44309122,31.52160034,57.42507445,1672.64523
Trasplante_manual,248,Casa_comercial,0,0,0,No,No,197.5,72,72,2,Inundación,1,1,No,No,Alta temperatura,4.13,1.32,12.3,5.4,2.49,30,FAr,215.0412631,24.4028911,34.04765536,42.93142529,1900.534959
Trasplante_manual,250,Casa_comercial,0,0,1,No,No,170,49,72.5,4,Inundación,2,1,Si,No,Alta temperatura,6.44,1.35,15.1,5.2,1.92,26.8,FAr,339.7215271,23.05328057,30.74540631,63.07339469,1691.76581
Trasplante_manual,,Semillista,0,0,0,No,No,36,36,36,1,Inundación,1,1,No,No,Alta temperatura,8.25,1.37,18.4,5.5,1.98,34.1,FAr,324.8922067,22.43927018,29.0633206,73.09236792,2075.167311
Voleo_mecanizado,265.7894737,Propio_lote,0,0,0,No,No,271.5,54,54,4,Inundación,1,1,No,No,Alta temperatura,5,1.37,17.8,5.5,2.16,28.4,FAr,298.0935067,23.83487465,32.47523457,49.47986315,1887.157256
Trasplante_manual,190,Semillista,0,0,0,No,No,186.5,72,80.5,4,Inundación,1,0,No,No,Alta temperatura,7.3,1.37,19.3,5.5,2.04,23.5,FAr,467.9579656,22.4626558,28.62792905,72.15827376,1655.075567
Trasplante_manual,248,Semillista,0,2,2,No,No,82.26,81.09,81.09,3,Inundación,2,3,No,No,Alta temperatura,6.88,1.39,21.9,5.5,2.58,25.5,FAr,311.4758162,24.70367797,34.03181178,45.74641709,1895.400037
Trasplante_manual,186,Semillista,0,2,0,No,No,194,36,113,4,Inundación,3,1,Si,No,Alta temperatura,6.25,1.39,19.6,5.5,2.42,20.1,FAr,489.345917,23.76135065,31.70016911,55.70765841,2217.649374
Voleo_mecanizado,150,Propio_lote,0,1,0,No,No,129.1,58.5,84,4,Inundación,2,2,Si,No,Alta temperatura,5.36,1.35,18.5,5.5,2.08,31.6,FAr,366.6267138,23.46021177,31.86729658,56.38219901,2354.91625
Voleo_manual,185,Propio_lote,0,1,0,No,No,154,31.5,61.25,4,Inundación,5,1,Si,No,Otro,7.71,1.31,17.3,5.4,1.77,27.8,FAr,436.3200266,22.55261441,28.89097075,73.09168977,2157.171322
Voleo_manual,150,Propio_lote,0,0,0,No,No,129,81,115,4,Inundación,3,1,No,No,Alta temperatura,4.38,1.31,13.4,5.2,2.2,23.7,FAr,478.4899797,23.06816287,30.58324983,61.92355765,1628.626915
Voleo_manual,200,Semillista,0,0,0,No,No,121.5,36,114,4,Inundación,2,1,No,No,Alta temperatura,5.94,1.36,15.4,5.3,1.92,24.5,FAr,378.418854,23.89452999,32.76639806,50.5853973,2413.46264
Trasplante_manual,186,Semillista,0,1,0,No,No,127.92,36.03,44.53,3,Inundación,1,1,No,No,Alta temperatura,6.67,1.3,21.6,5.5,2.26,23.7,FAr,362.7534137,23.9392071,32.8293391,50.13926579,2358.937224
Voleo_manual,250,Semillista,0,0,0,No,No,138.5,81,81,4,Inundación,3,1,Si,No,Alta temperatura,4.58,1.36,19.4,5.5,2.06,25.6,FAr,336.6123068,23.36339262,31.63178586,58.00890978,1776.799587
Voleo_manual,248,Propio_lote,0,6,0,No,No,133,66,66,4,Inundación,1,1,Si,No,Alta temperatura,8.75,1.37,20.7,5.6,1.97,20.9,FAr,477.7266665,23.60929727,31.69925855,58.04599986,2257.472774
Voleo_manual,124,Semillista,0,0,0,No,No,72,72,72,3,Inundación,1,0,Si,No,Alta temperatura,5.39,1.37,15.2,5.3,2.01,25.7,FAr,356.766104,23.3488366,31.58064999,58.45255813,1866.906754
Trasplante_manual,200,Casa_comercial,0,0,0,No,No,36,36,36,1,Inundación,1,1,No,No,Alta temperatura,6.88,1.37,18.7,5.4,2.13,26.9,FAr,436.5673707,22.68301038,30.13637535,65.54479993,1717.277611
Siembra_en_surco,200,Propio_lote,0,1,0,No,No,63,63,124.5,3,Inundación,3,0,Si,No,Otro,6.23,1.33,17.4,5.4,2.09,22.8,FAr,530.8887115,22.56855762,30.46170996,65.19876727,2286.068879
Trasplante_manual,248,Casa_comercial,0,0,2,No,No,107.5,27,44,3,Inundación,1,1,Si,No,Alta temperatura,6.56,1.38,14.4,5.4,1.93,25.4,FAr,390.6916649,23.37703203,31.6203608,58.11800621,2380.851837
Trasplante_manual,,Casa_comercial,0,0,1,No,No,124.5,45,46.75,5,Inundación,1,1,Si,No,Alta temperatura,7.5,1.36,25.1,5.6,2.1,37.5,FAr,403.1298776,23.49035645,32.4137395,52.10965878,2362.273085
Trasplante_manual,248,Semillista,0,1,1,No,No,264,90,115.5,4,Inundación,2,2,Si,No,Alta temperatura,6,1.36,16.2,5.5,2.19,24.4,FAr,349.9988761,24.18705287,33.33293231,47.05501264,2389.067615
Trasplante_mecanizado,,Propio_lote,0,2,0,No,No,148,27,65.5,4,Inundación,3,2,Si,No,Alta temperatura,4.78,1.36,17.6,5.5,1.95,24.1,FAr,353.829073,23.87681247,32.67511014,51.15305946,2111.118463
Siembra_en_surco,120,Propio_lote,0,1,0,No,No,95.269,33.907,58.68,4,Corrido,2,2,Si,No,Plagas y enfermedades,4.43,1.38,18.9,5.5,2.03,30.7,FAr,251.2550647,23.46219889,32.6306455,52.18338871,2342.66132
Trasplante_manual,265.7894737,Semillista,2,3,0,No,No,283.85,36,70,4,Otro,2,2,Si,No,Sequías,4.67,1.37,15.4,5.3,1.94,30,FAr,321.5005944,23.08117608,30.50301242,64.23719961,1649.702935
Voleo_mecanizado,240,Propio_lote,0,0,0,No,No,223.2,64.8,95.4,4,Corrido,1,0,Si,No,Alta temperatura,3.04,1.36,14.7,5.4,2.26,25.3,FAr,601.2268288,23.21734802,31.23500616,59.23662585,2334.552579
Voleo_manual,248,Semillista,0,0,0,No,No,121.2,61.2,61.2,4,Corrido,2,3,Si,No,Sequías,3.75,1.37,16.3,5.5,2.12,19.8,FAr,518.181874,23.26939203,31.27558578,58.76988253,2119.015001
Voleo_manual,200,Semillista,0,0,0,No,No,84.5,40.5,40.5,4,Inundación,4,6,No,Si,Otro,4.58,1.31,13.4,5.2,2.02,24.8,FAr,397.3768325,23.90370428,32.80161036,50.47368768,2543.780022
Trasplante_manual,200,Fedearroz,0,0,0,No,No,158.5,24,73.5,4,Inundación,2,4,No,No,Sequías,4.38,1.35,16.6,5.4,2.18,27.1,FAr,407.9259334,23.70966864,32.29430926,53.43903005,2395.900612
Trasplante_manual,200,Fedearroz,0,1,0,No,No,205.2,33.83,54.87,7,Inundación,3,0,No,No,Otro,7,1.32,14.6,5.4,2.21,38.7,FAr,327.5374184,23.54858584,31.90508058,55.60251136,1701.418852
Trasplante_manual,124,Semillista,0,0,0,No,No,116.5,22.5,22.5,4,Inundación,3,3,No,No,Otro,6.88,1.38,15.1,5.4,2.01,30.4,FAr,460.0404072,23.25245585,31.68711811,57.78597125,2915.087376
Trasplante_manual,93,Semillista,0,1,0,No,No,99.5,36,79.5,4,Inundación,2,0,Si,No,Sequías,5.63,1.34,23.6,5.6,2.27,35.6,FAr,220.304462,24.80417688,34.46319619,43.42782272,1861.702818
Trasplante_manual,248,Semillista,0,0,0,No,No,146.12,82.8,127,4,Inundación,3,3,No,No,Otro,5.63,1.38,17.7,5.4,2.08,31.3,FAr,293.2479,23.24797579,31.35480742,57.35798358,1555.258111
Voleo_manual,200,Otro,0,0,0,No,No,72,72,72,4,Corrido,1,1,No,No,Otro,3.75,1.38,15.3,5.5,2.11,23.1,FAr,211.8555017,23.54084578,32.44378281,54.14329455,1813.161683
Siembra_en_surco,150,Propio_lote,0,0,0,No,No,119,27,27,4,Inundación,1,1,Si,No,Plagas y enfermedades,5.38,1.37,15.4,5.4,2.02,26.9,FAr,321.5005944,23.06937196,30.48596709,64.36360678,1687.302891
Trasplante_manual,125,Semillista,0,0,3,No,No,94.5,58.5,84,2,Inundación,1,1,Si,No,Otro,6.64,1.39,15.9,5.4,2.06,29.3,FAr,288.891902,24.32037934,33.81359848,44.06532281,2407.366809
Voleo_manual,200,Semillista,0,0,0,No,No,190.75,54,71,4,Inundación,1,0,Si,No,Otro,7.5,1.38,24.9,5.7,2.28,40.2,FAr,419.6666799,23.17299616,31.68022253,58.77853897,1775.056577
Voleo_mecanizado,189.2307692,Propio_lote,1,1,0,No,No,172.5,72,72,4,Inundación,1,1,No,No,Plagas y enfermedades,5,1.4,15,5.3,1.88,24.6,FAr,397.3500428,22.46232989,29.97225958,65.70019559,1999.473594
Siembra_en_surco,200,Semillista,1,0,1,Si,No,187.5,45,70.5,5,Inundación,2,0,Si,No,Alta temperatura,5,1.36,26.2,5.5,1.95,37.2,FAr,471.5089407,22.30382714,29.27269321,69.30490305,2279.389155
Siembra_en_surco,200,Propio_lote,1,0,0,Si,No,36,36,36,1,Inundación,1,2,Si,No,Plagas y enfermedades,7.25,1.39,12.5,5.5,1.82,21,FAr,486.8985887,22.75459979,30.28905075,64.68319946,1960.893714
Siembra_en_surco,175,Propio_lote,2,0,0,No,No,280,72,72,5,Corrido,2,1,Si,No,Plagas y enfermedades,5,1.4,18.4,5.3,1.58,22.2,FAr,567.4736607,22.57533937,29.83599897,62.94177824,2300.946612
Voleo_mecanizado,186.3,Propio_lote,1,1,0,No,No,228,30,98,3,Corrido,1,0,Si,No,Plagas y enfermedades,2.29,1.35,15.4,5.3,1.79,21.2,FAr,470.2063673,22.69146349,30.88035829,60.9787656,2508.730316
Voleo_mecanizado,200,Propio_lote,2,0,0,No,No,159,54,79.5,4,Corrido,1,1,Si,No,Plagas y enfermedades,6.88,1.37,19.3,5.5,2,22.6,FAr,751.6797242,22.2713216,28.83187088,69.58798906,2280.17563
Siembra_en_surco,250,Propio_lote,2,0,0,No,No,174,69,69,4,Corrido,2,2,Si,No,Otro,6.25,1.34,15.6,5.4,2.22,44.3,FAr,804.6608839,22.59733276,29.08419653,69.32482703,2213.793627
Siembra_en_surco,175,Semillista,2,0,0,No,No,156,72,72,4,Corrido,1,1,No,No,Otro,6.56,1.36,14.1,5.4,2.11,26.5,FAr,286.4620957,23.44745401,32.54189405,52.55523064,2456.690598
Siembra_en_surco,175,Propio_lote,3,0,0,Si,No,175.44,58,91,6,Corrido,2,5,Si,No,Alta temperatura,7.38,1.38,15.4,5.5,2.1,27.1,FAr,558.7944031,22.86806586,30.57109463,60.71971378,2018.462028
Siembra_en_surco,186.3,Propio_lote,1,1,0,No,No,185,90,102,4,Corrido,2,2,No,No,Otro,7.5,1.38,13.9,5.3,2.42,35.9,FAr,312.6469464,23.23040784,31.59979136,58.50362603,1873.818485
Siembra_en_surco,150,Casa_comercial,1,0,0,Si,No,128.4,59,60.2,5,Corrido,3,2,No,No,Otro,3.5,1.36,10.9,5.2,1.87,32.5,FAr,378.1038918,23.20793826,31.51490387,58.8899939,2182.393459
Siembra_en_surco,175,Propio_lote,1,0,0,No,No,131,108,108.03,5,Corrido,0,2,No,No,Otro,5.81,1.33,14,5.2,1.72,34.1,FAr,512.275907,23.1301768,31.15897915,60.86653048,2490.649193
Siembra_en_surco,150,Casa_comercial,0,0,0,No,No,232.5,27,52.5,4,Corrido,4,6,No,No,Otro,3.75,1.38,14.6,5.4,1.93,39.2,FAr,418.7208338,22.88816469,29.87643708,67.09230485,1656.579583
Voleo_mecanizado,185,Propio_lote,1,1,0,No,No,242,42,87,5,Corrido,3,2,Si,No,Plagas y enfermedades,5,1.39,14.2,5.4,1.8,43.7,FAr,383.0505633,23.23659097,31.61974785,58.25439469,2358.948541
Siembra_en_surco,195.2777778,Propio_lote,1,2,0,Si,No,141.73,31.18,65.3725,4,Inundación,5,4,Si,No,Alta temperatura,8.13,1.2,19.8,5.4,2.99,41.1,FAr,705.7852464,22.83175874,29.54829047,63.54410353,2232.621776
Siembra_en_surco,173.3870968,Propio_lote,1,0,0,No,No,56,22.5,52.5,7,Corrido,3,0,No,No,Otro,6.88,1.05,22.1,5.3,2.74,46.2,FAr,526.7760408,18.3882301,26.02934042,60.45591986,2474.936556
Siembra_en_surco,186.3,Propio_lote,1,0,0,No,No,190.5,54,79.5,4,Corrido,3,2,No,No,Otro,8.13,1.4,20.2,5.7,2.14,30.5,FAr,452.9638901,23.03477178,31.04091623,60.70840432,2274.67866
Siembra_en_surco,100,Propio_lote,1,0,0,No,Si,160.42,36,36,4,Corrido,1,2,Si,No,Otro,10.13,1.39,17.4,5.5,1.85,22.2,FAr,366.5406396,23.09234805,31.79482864,53.39772014,2652.289508
Siembra_en_surco,150,Propio_lote,1,1,0,Si,No,87.5,54.6,54,3,Corrido,2,1,Si,No,Plagas y enfermedades,7.5,1.22,17.5,5.5,1.88,42.9,FAr,515.2215781,23.25087188,31.92846853,54.97995802,2155.623855
Siembra_en_surco,200,Propio_lote,1,0,0,Si,No,195.2,45,126,5,Corrido,0,2,No,No,Sequías,6.25,1.26,18,5.5,2.27,40.7,FAr,576.2648287,22.71816867,30.80766246,59.71469901,2526.771018
Siembra_en_surco,200,Propio_lote,1,0,0,No,No,180.9,36,96,4,Corrido,5,1,Si,No,Otro,5,1.26,24.3,5.4,2.99,49.8,FAr,465.4127228,23.4920708,32.0557619,54.47527766,2617.09876
Siembra_en_surco,150,Propio_lote,1,0,0,No,No,230.5,36,36,4,Corrido,2,3,Si,No,Sequías,7.88,1.27,20.4,5.4,2.09,36.3,FAr,459.3502278,23.32241502,31.63053705,57.36202018,2021.901428
Siembra_en_surco,175,Propio_lote,1,1,0,No,No,232.5,77,114,6,Corrido,4,2,Si,No,Sequías,5.38,1.27,20.2,5.5,2.13,37.1,FAr,466.4079933,23.07125505,30.68934477,62.35697161,2176.08684
Siembra_en_surco,175,Propio_lote,1,0,0,No,No,179.02,63.24,153.24,6,Corrido,2,3,No,No,Otro,5,1.19,22.8,5.4,1.84,32.3,FAr,462.9469757,22.96994009,30.32029054,64.02488513,2311.909622
Voleo_manual,150,Propio_lote,2,0,0,No,No,213,54,114,5,Corrido,3,0,No,No,Sequías,4.38,1.25,13.1,5.3,2.4,38.1,FAr,747.2908497,23.2608877,30.33238143,60.20106179,2322.487418
Siembra_en_surco,150,Propio_lote,1,0,0,Si,Si,204,27,103.5,5,Corrido,3,5,Si,No,Otro,6.88,1.19,17.4,5.5,2.07,33.8,FAr,488.1182079,22.96174283,31.83377506,51.23718504,2580.131307
Siembra_en_surco,150,Propio_lote,1,0,0,Si,No,164.94,67,66,7,Corrido,5,3,Si,No,Sequías,5.13,1.28,14.7,5.3,1.77,32.8,FAr,506.9164674,23.50978334,31.99244886,52.62855313,2395.488079
Siembra_en_surco,175,Propio_lote,1,0,0,Si,No,266.72,39,83,7,Corrido,2,2,Si,No,Alta temperatura,7.19,1.21,18.2,5.3,2.02,42.6,FAr,644.8713646,23.22438341,32.30768927,52.15632187,2639.257683
Siembra_en_surco,120,Propio_lote,1,2,0,Si,No,231.5,46,135,5,Corrido,3,1,No,No,Otro,7.19,1.32,21.3,5.5,1.95,35.6,FAr,376.4920266,22.02914042,30.05647474,57.50926481,2415.939596
Siembra_en_surco,200,Propio_lote,1,0,0,No,No,242.5,27,57,4,Corrido,3,3,Si,No,Otro,6.43,1.28,19.3,5.5,2.26,39.5,FAr,656.6866684,22.59604541,30.17936486,62.78260672,2401.323222
